Alias,CRA-Attestation-Survey-2026-FOSDEM,,,,,,,,,,,,,,,,,,,,,,,,,,,,,,,,,,,,,,,,,,,,
Export Date,23/02/2026 11:35,,,,,,,,,,,,,,,,,,,,,,,,,,,,,,,,,,,,,,,,,,,,
,,,,,,,,,,,,,,,,,,,,,,,,,,,,,,,,,,,,,,,,,,,,,
What part of the world are you located in?,Are you employed at a company which uses or publishes open source?,What is the approximate size of this company?,What part of the world is the company headquartered in?,What sector does this company primarily operate in?,What areas of technology does the company operate in?,Does the company produce and/or sell a product with digital elements in Europe?,"As it relates to the Software Bill of Materials (SBOM) for your product(s) with digital elements, please indicate your company's current status","As it relates to the Software Bill of Materials (SBOM) for product(s) with digital elements that contain Free and Open Source Software (FOSS), please indicate your company's current status",Has the company ever performed a product security audit or acquired a product safety certification before?,Did the audit or certification include the FOSS components in your product?,Please share anything you learned from the experience,"How would you estimate the effort to audit or certify externally-maintained open source components, relative to first-party code?","Do you think the company would fund open source projects if those projects produced an attestation, or other document, that reduced the effort required to audit or certify your products that contain open source?",How much (€)?,"For each of the following, please indicate (scale of 1-5) whether this information, if made available and in a machine-readable format, would directly reduce your company's anticipated compliance burden:: Whether the open source project had recently undergone a security review by an accredited party, and the details of that review.","For each of the following, please indicate (scale of 1-5) whether this information, if made available and in a machine-readable format, would directly reduce your company's anticipated compliance burden:: Whether the open source project can demonstrate adherence to the SDLC.","For each of the following, please indicate (scale of 1-5) whether this information, if made available and in a machine-readable format, would directly reduce your company's anticipated compliance burden:: Whether the open source project can demonstrate adherence to the NIST SSDF.","For each of the following, please indicate (scale of 1-5) whether this information, if made available and in a machine-readable format, would directly reduce your company's anticipated compliance burden:: Whether the open source project has a documented vulnerability management process, and what industry standards it follows.","For each of the following, please indicate (scale of 1-5) whether this information, if made available and in a machine-readable format, would directly reduce your company's anticipated compliance burden:: Whether the open source project has a documented security policy, and what industry standards it follows.","For each of the following, please indicate (scale of 1-5) whether this information, if made available and in a machine-readable format, would directly reduce your company's anticipated compliance burden:: Whether the open source project has a secure development guide or security-relevant onboarding for new developers and maintainers.","For each of the following, please indicate (scale of 1-5) whether this information, if made available and in a machine-readable format, would directly reduce your company's anticipated compliance burden:: Whether the open source project has and maintains a leadership succession plan.","For each of the following, please indicate (scale of 1-5) whether this information, if made available and in a machine-readable format, would directly reduce your company's anticipated compliance burden:: Whether the open source project has and maintains a release cadence, including indicating version support and end-of-life.","For each of the following, please indicate (scale of 1-5) whether this information, if made available and in a machine-readable format, would directly reduce your company's anticipated compliance burden:: Whether the open source project has and maintains (even if not publicly available) documentation regarding the control or management of its infrastructure, including but not limited to the hosting of source code, its build and test environments, its release signing and publication, and its intellectual property (copyright, trademark, domain names, etc).","For each of the following, please indicate (scale of 1-5) whether this information, if made available and in a machine-readable format, would directly reduce your company's anticipated compliance burden:: Whether the open source project has, or intends to have, a formal relationship with a legal entity recognised as an Open Source Software Steward in Europe.","For each of the following, please indicate (scale of 1-5) whether this information, if made available and in a machine-readable format, would directly reduce your company's anticipated compliance burden:: Whether the open source project team would commit to perform subsequent or additional security-related activities, such as additional reviews or maintenance of older releases, if additional funding were secured.",Do you produce and maintain free and open source software?,"Thinking of the largest project you contribute to, approximately how many people participate in it?",Is it intended for commercial use?,Do you contribute to free and open source software?,Is it intended for commercial use?,Do you participate in the support or maintenance of free and open source software?,The free and open source software you support or maintain is ...,"Do you represent, or are in a leadership position at, a legal entity which is responsible for publishing or maintaining open source software?",Does this project or organisation have any of the following?,"For each of the following, please indicate (scale of 1-5) how much effort would be required to make this information available and in a machine-readable format: Whether the open source project had recently undergone a security review by an accredited party, and the details of that review.","For each of the following, please indicate (scale of 1-5) how much effort would be required to make this information available and in a machine-readable format: Whether the open source project can demonstrate adherence to the NIST SSDF.","For each of the following, please indicate (scale of 1-5) how much effort would be required to make this information available and in a machine-readable format: Whether the open source project has a documented vulnerability management process, and what industry standards it follows.","For each of the following, please indicate (scale of 1-5) how much effort would be required to make this information available and in a machine-readable format: Whether the open source project has a documented security policy, and what industry standards it follows.","For each of the following, please indicate (scale of 1-5) how much effort would be required to make this information available and in a machine-readable format: Whether the open source project has a secure development guide or security-relevant onboarding for new developers and maintainers.","For each of the following, please indicate (scale of 1-5) how much effort would be required to make this information available and in a machine-readable format: Whether the open source project has and maintains a leadership succession plan.","For each of the following, please indicate (scale of 1-5) how much effort would be required to make this information available and in a machine-readable format: Whether the open source project has and maintains a release cadence, including indicating version support and end-of-life.","For each of the following, please indicate (scale of 1-5) how much effort would be required to make this information available and in a machine-readable format: Whether the open source project has and maintains (even if not publicly available) documentation regarding the control or management of its infrastructure, including but not limited to the hosting of source code, its build and test environments, its release signing and publication, and its intellectual property (copyright, trademark, domain names, etc).","For each of the following, please indicate (scale of 1-5) how much effort would be required to make this information available and in a machine-readable format: Whether the open source project has, or intends to have, a formal relationship with a legal entity recognized as an Open Source Software Steward in Europe.","For each of the following, please indicate (scale of 1-5) how much effort would be required to make this information available and in a machine-readable format: Whether the open source project team would commit to perform subsequent or additional security-related activities, such as additional reviews or maintenance of older releases, if additional funding were promised in exchange for it.","For each of the following, please indicate (scale of 1-5) how much effort would be required to make this information available and in a machine-readable format: Whether the open source project can demonstrate adherence to the SDLC."
Europe,Yes,< 100,Europe,Technology,Software Vendor,Yes,completed rollout of SBOM in all products,"FOSS dependencies are tracked to a significant depth and level of detail, and included in the SBOMs we produce",No,No,,High,Yes,,4,3,3,5,5,3,4,5,3,2,1,Yes,< 100 members,Yes,Yes,Yes,Yes,Owned by a for-profit corporation,Yes,Have a publicly documented vulnerability handling policy;Have a long-term-support release policy;Participation in CVE number assignment,1,1,1,1,1,1,1,1,1,1,1
Europe,Yes,< 1000,North America,Technology,Software Vendor,Yes,"exploring SBOM, but not implemented","some FOSS, such as larger components and top-level dependencies, is currently included in the SBOMs we produce",Yes,Yes,"Lengthy, complex and headache inducing",High,Yes,Totally unsure but it would ha w to be reasonable ,4,4,2,4,4,4,3,5,4,3,3,Yes,< 1000 members,No,Yes,No,Yes,Owned by a for-profit corporation,Yes,Have a publicly documented vulnerability handling policy;Have a long-term-support release policy;A partnership with commercial providers for LTS versions;Participation in CVE number assignment,4,2,4,4,4,4,4,3,3,3,3
Europe,No,,,,,,,,,,,,,,,,,,,,,,,,,Yes,< 100 members,Yes,Yes,No,Yes,"Owned by a legal entity such as a U.S. 501c3 or 501c6, a Belgian AISBL, or another form of non-profit",No,Have a publicly documented vulnerability handling policy;Have a long-term-support release policy;A partnership with commercial providers for LTS versions;Participation in CVE number assignment,,,,,,,,,,,
Africa,No,,,,,,,,,,,,,,,,,,,,,,,,,No,,,No,,No,,No,Have a publicly documented vulnerability handling policy;Have a long-term-support release policy,1,1,1,1,1,1,1,1,1,1,1
Asia-Pacific,No,,,,,,,,,,,,,,,,,,,,,,,,,No,,,No,,No,,No,,3,3,3,3,3,3,3,3,3,3,3
North America,,,,,,,,,,,,,,,,,,,,,,,,,,Yes,< 10 members,,Yes,Yes,Yes,Owned by a for-profit corporation,Yes,Have a publicly documented vulnerability handling policy,,,,,,,,,,,
Asia-Pacific,No,,,,,,,,,,,,,,,,,,,,,,,,,No,,,No,,No,,No,,,,,,,,,,,,
North America,No,,,,,,,,,,,,,,,,,,,,,,,,,Yes,Greater,Yes,Yes,Yes,Yes,Not affiliated with or owned by any legal entity,No,Have a publicly documented vulnerability handling policy;Have a long-term-support release policy;A partnership with commercial providers for LTS versions;Participation in CVE number assignment,2,2,3,5,3,3,5,3,3,5,3
Asia-Pacific,Yes,< 10,Asia-Pacific,Other,Other,No,"exploring SBOM, but not implemented",FOSS is not currently included in the SBOMs we produce,No,,,About the same,Yes,,,,,,,,,,,,,,,,Yes,No,Yes,,No,,,,,,,,,,,,
Asia-Pacific,Yes,Greater,Asia-Pacific,Technology,Software Vendor;Hardware Vendor;Cloud Services;Online Platforms,Yes,not exploring SBOM,,,,,,,,,,,,,,,,,,,,,,,,,,,,,,,,,,,,,,
Europe,Yes,< 100,North America,Technology,Software Vendor;Cloud Services,Yes,not exploring SBOM,FOSS is not currently included in the SBOMs we produce,Yes,Yes,,High,No,,5,4,4,5,5,5,2,2,2,1,2,Yes,< 1000 members,No,Yes,No,Yes,"Owned by a legal entity such as a U.S. 501c3 or 501c6, a Belgian AISBL, or another form of non-profit",No,Have a publicly documented vulnerability handling policy;Participation in CVE number assignment,1,1,1,1,2,1,1,3,1,1,1
Europe,Yes,< 100,North America,Technology,Software Vendor;Cloud Services;Online Platforms,Yes,not exploring SBOM,,Yes,Yes,,About the same,Yes,,4,3,3,4,4,2,2,2,4,4,4,Yes,Greater,Yes,Yes,Yes,Yes,Owned by a for-profit corporation,No,Have a publicly documented vulnerability handling policy;Have a long-term-support release policy;Participation in CVE number assignment,2,2,2,2,2,4,3,4,2,4,4
North America,Yes,Greater,North America,Defense,Software Vendor;Cloud Services;Other,No,completed rollout of SBOM in some products,"FOSS dependencies are tracked to a significant depth and level of detail, and included in the SBOMs we produce",No,No,,Very High,No,,2,1,1,3,3,3,1,2,1,1,5,Yes,Greater,Yes,Yes,Yes,Yes,"Owned by a legal entity such as a U.S. 501c3 or 501c6, a Belgian AISBL, or another form of non-profit",No,,,,,,,,,,,,
Europe,No,,,,,,,,,,,,,,,,,,,,,,,,,No,,,No,,No,,No,,,,,,,,,,,,
Asia-Pacific,No,,,,,,,,,,,,,,,,,,,,,,,,,No,,,No,,No,,No,Have a long-term-support release policy,5,4,4,4,4,5,5,4,4,4,5
North America,,,,,,,,,,,,,,,,,,,,,,,,,,No,,,No,,No,,No,A partnership with commercial providers for LTS versions,3,3,3,3,3,3,3,3,3,3,3
North America,No,,,,,,,,,,,,,,,,,,,,,,,,,No,,,No,,No,,No,,,,,,,,,,,,
Europe,Yes,< 100,South America,Communications,Software Vendor,Yes,completed rollout of SBOM in all products,FOSS is not currently included in the SBOMs we produce,No,Yes,Tengo buena experiencia ,High,Yes,6664,4,,3,4,5,4,4,4,3,3,3,Yes,< 100 members,Yes,Yes,Yes,Yes,"Owned by a legal entity such as a U.S. 501c3 or 501c6, a Belgian AISBL, or another form of non-profit",Yes,A partnership with commercial providers for LTS versions,4,3,4,4,4,3,4,4,3,3,4
Asia-Pacific,No,,,,,,,,,,,,,,,,,,,,,,,,,Yes,< 100 members,Yes,No,,Yes,"Owned by a legal entity such as a U.S. 501c3 or 501c6, a Belgian AISBL, or another form of non-profit",No,Have a publicly documented vulnerability handling policy,5,4,4,3,5,5,5,4,3,5,5
,,,,,,,,,,,,,,,,,,,,,,,,,,,,,,,,,,,,,,,,,,,,,
Asia-Pacific,Yes,< 1000,Asia-Pacific,Technology,Software Vendor,No,rolling out SBOM in all products,FOSS is not currently included in the SBOMs we produce,No,Yes,learned more about the coding process and how to make sure the application doesn't shutdown,Low,Yes,1200,2,3,2,3,2,3,2,3,2,3,2,Yes,< 10 members,Yes,Yes,Yes,Yes,"Owned by a legal entity such as a U.S. 501c3 or 501c6, a Belgian AISBL, or another form of non-profit",Yes,Have a long-term-support release policy,1,,,,,,,,,,
North America,No,,,,,,,,,,,,,,,,,,,,,,,,,Yes,< 100 members,No,Yes,No,,,No,,,,,,,,,,,,
Asia-Pacific,Yes,< 100,Asia-Pacific,Technology,Online Platforms,Yes,completed rollout of SBOM in all products,"FOSS dependencies are tracked to a significant depth and level of detail, and included in the SBOMs we produce",No,No,,Very Low,No,,,,,,,,,,,,,,,,,,,,,,,,,,,,,,,,
Europe,No,,,,,,,,,,,,,,,,,,,,,,,,,No,,,Yes,No,No,,No,,,,,,,,,,,,
,,,,,,,,,,,,,,,,,,,,,,,,,,,,,,,,,,,,,,,,,,,,,
Europe,No,,,,,,,,,,,,,,,,,,,,,,,,,Yes,Greater,No,Yes,No,Yes,"Owned by a legal entity such as a U.S. 501c3 or 501c6, a Belgian AISBL, or another form of non-profit",Yes,,5,5,5,5,5,5,5,5,3,3,3
Europe,Yes,< 100,Europe,Technology,Other,Yes,completed rollout of SBOM in some products,"some FOSS, such as larger components and top-level dependencies, is currently included in the SBOMs we produce",Yes,Yes,,About the same,No,,5,4,3,5,5,4,4,5,4,3,4,No,,,Yes,Yes,Yes,"Owned by a legal entity such as a U.S. 501c3 or 501c6, a Belgian AISBL, or another form of non-profit",No,Have a publicly documented vulnerability handling policy,4,3,2,2,2,2,2,2,4,4,3
Europe,Yes,< 10,Europe,Technology,Software Vendor,Yes,rolling out SBOM in some products,"FOSS dependencies are tracked to a significant depth and level of detail, and included in the SBOMs we produce",Yes,Yes,,Very High,No,,2,2,2,2,2,3,2,4,2,1,4,Yes,Greater,Yes,Yes,Yes,Yes,Affiliated with a fiscal sponsor,No,Have a publicly documented vulnerability handling policy;Have a long-term-support release policy,2,5,2,2,5,4,1,4,1,5,5
Asia-Pacific,No,,,,,,,,,,,,,,,,,,,,,,,,,Yes,< 10 members,No,Yes,Yes,No,,Yes,A partnership with commercial providers for LTS versions,2,3,3,4,4,4,4,3,3,2,3
,,,,,,,,,,,,,,,,,,,,,,,,,,,,,,,,,,,,,,,,,,,,,
Europe,Yes,< 10,Europe,Other,Software Vendor,No,"exploring SBOM, but not implemented","FOSS dependencies are tracked to a significant depth and level of detail, and included in the SBOMs we produce",Yes,Yes,"It's something that should be done regularly, but especially after bigger changes.",High,No,,5,4,4,5,5,3,4,5,3,4,3,Yes,< 10 members,Yes,Yes,Yes,Yes,Owned by a for-profit corporation,Yes,Have a publicly documented vulnerability handling policy;Have a long-term-support release policy,2,5,2,2,3,2,1,2,1,2,5
Asia-Pacific,No,,,,,,,,,,,,,,,,,,,,,,,,,No,,,No,,No,,No,Have a publicly documented vulnerability handling policy,,,,,,,,,,,
Europe,Yes,Greater,Europe,Other,Other,No,not exploring SBOM,FOSS is not currently included in the SBOMs we produce,No,No,,High,No,,1,4,2,2,3,2,2,3,4,3,4,Yes,< 10 members,Yes,Yes,Yes,Yes,"Owned by a legal entity such as a U.S. 501c3 or 501c6, a Belgian AISBL, or another form of non-profit",No,Have a publicly documented vulnerability handling policy,4,4,3,3,3,2,2,2,2,3,3
North America,Yes,< 10,North America,Technology,Other,No,not exploring SBOM,FOSS is not currently included in the SBOMs we produce,No,No,,About the same,No,,2,2,2,4,2,3,2,5,3,1,2,No,,,Yes,No,No,,No,,1,2,1,1,2,1,1,2,1,2,2
North America,Yes,Greater,North America,Technology,Software Vendor;Cloud Services,Yes,rolling out SBOM in all products,"FOSS dependencies are tracked to a significant depth and level of detail, and included in the SBOMs we produce",Yes,Yes,,High,Yes,,4,4,4,5,5,3,3,5,5,3,3,Yes,Greater,Yes,Yes,Yes,Yes,Owned by a for-profit corporation,Yes,Have a publicly documented vulnerability handling policy;Have a long-term-support release policy;A partnership with commercial providers for LTS versions;Participation in CVE number assignment,5,4,2,2,2,2,2,3,2,3,3
Asia-Pacific,No,,,,,,,,,,,,,,,,,,,,,,,,,Yes,< 10 members,Yes,Yes,Yes,Yes,Not affiliated with or owned by any legal entity,Yes,Participation in CVE number assignment,1,1,1,1,1,1,,,,,
Europe,No,,,,,,,,,,,,,,,,,,,,,,,,,No,,,No,,No,,No,A partnership with commercial providers for LTS versions,3,3,3,3,3,3,3,3,3,3,3
Europe,Yes,< 100,Europe,Technology,Software Vendor;Hardware Vendor;Cloud Services;Online Platforms,Yes,completed rollout of SBOM in some products,"FOSS dependencies are tracked to a significant depth and level of detail, and included in the SBOMs we produce",Yes,Yes,,High,Yes,,4,4,4,5,5,4,3,4,3,3,3,No,,,Yes,Yes,Yes,"Owned by a legal entity such as a U.S. 501c3 or 501c6, a Belgian AISBL, or another form of non-profit",No,,2,4,2,2,3,3,3,3,3,3,3
Europe,No,,,,,,,,,,,,,,,,,,,,,,,,,Yes,Greater,Yes,Yes,Yes,Yes,Not affiliated with or owned by any legal entity,No,Have a publicly documented vulnerability handling policy;Have a long-term-support release policy;A partnership with commercial providers for LTS versions;Participation in CVE number assignment,2,4,1,1,2,1,1,2,3,1,4
South America,No,,,,,,,,,,,,,,,,,,,,,,,,,No,,,No,,No,,No,Have a long-term-support release policy,3,3,3,3,3,3,,3,3,3,3
North America,No,,,,,,,,,,,,,,,,,,,,,,,,,No,,,Yes,Yes,Yes,Not affiliated with or owned by any legal entity,No,Have a publicly documented vulnerability handling policy;A partnership with commercial providers for LTS versions;Participation in CVE number assignment,,,,,,,,,,,
North America,Yes,< 10,North America,,Software Vendor,Yes,completed rollout of SBOM in all products,"FOSS dependencies are tracked to a significant depth and level of detail, and included in the SBOMs we produce",Yes,Yes,,About the same,Yes,,3,3,3,3,3,3,3,3,3,3,3,Yes,< 10 members,Yes,Yes,Yes,Yes,Owned by a for-profit corporation,Yes,Have a publicly documented vulnerability handling policy,3,3,3,3,3,3,3,3,3,3,3
North America,No,,,,,,,,,,,,,,,,,,,,,,,,,No,,,Yes,Yes,No,,No,,1,1,1,1,1,1,1,1,1,1,1
,,,,,,,,,,,,,,,,,,,,,,,,,,,,,,,,,,,,,,,,,,,,,
Europe,Yes,< 10,Europe,Technology,Software Vendor;Cloud Services,Yes,rolling out SBOM in all products,"FOSS dependencies are tracked to a significant depth and level of detail, and included in the SBOMs we produce",No,No,Dont have the experience ,About the same,Yes,It depends,2,2,2,4,4,2,2,2,2,3,2,Yes,< 100 members,Yes,Yes,Yes,Yes,"Owned by a legal entity such as a U.S. 501c3 or 501c6, a Belgian AISBL, or another form of non-profit",Yes,Have a long-term-support release policy,4,4,3,2,4,2,2,3,3,4,4
Asia-Pacific,Yes,< 10,Asia-Pacific,Technology,Software Vendor,Yes,not exploring SBOM,FOSS is not currently included in the SBOMs we produce,Yes,Yes,great,Low,Yes,2,5,5,5,5,5,5,5,5,5,5,5,Yes,< 10 members,No,Yes,No,Yes,Owned by a for-profit corporation,No,Have a publicly documented vulnerability handling policy,5,5,5,5,5,5,5,5,5,5,5
Europe,Yes,Greater,Europe,Manufacturing,Other,Yes,completed rollout of SBOM in all products,"FOSS dependencies are tracked to a significant depth and level of detail, and included in the SBOMs we produce",No,,,Very High,Yes,,4,2,2,3,2,2,1,2,3,2,3,Yes,< 100 members,Yes,Yes,Yes,Yes,Not affiliated with or owned by any legal entity,No,Have a publicly documented vulnerability handling policy,3,3,1,1,2,2,1,3,3,4,3
,,,,,,,,,,,,,,,,,,,,,,,,,,,,,,,,,,,,,,,,,,,,,
Asia-Pacific,No,,,,,,,,,,,,,,,,,,,,,,,,,No,,,Yes,No,No,,No,,3,3,3,3,3,3,3,3,3,3,3
North America,No,,,,,,,,,,,,,,,,,,,,,,,,,No,,,No,,No,,No,,3,3,3,3,3,3,3,3,3,3,3
Asia-Pacific,No,,,,,,,,,,,,,,,,,,,,,,,,,Yes,< 10 members,No,Yes,No,Yes,Not affiliated with or owned by any legal entity,No,,5,4,3,3,3,4,2,3,5,2,2
Europe,No,,,,,,,,,,,,,,,,,,,,,,,,,No,,,Yes,No,No,,No,Have a long-term-support release policy;A partnership with commercial providers for LTS versions,4,2,4,3,4,2,3,4,3,3,3
Europe,Yes,< 100,Europe,Communications,Software Vendor,No,not exploring SBOM,FOSS is not currently included in the SBOMs we produce,No,No,,Low,No,,2,3,3,3,2,2,2,4,3,3,2,No,,,Yes,Yes,No,,No,Have a publicly documented vulnerability handling policy,2,2,3,3,1,2,2,2,,2,2
Africa,No,,,,,,,,,,,,,,,,,,,,,,,,,Yes,< 10 members,Yes,No,,No,,No,A partnership with commercial providers for LTS versions,1,2,4,5,1,5,1,5,1,2,4
Africa,Yes,< 10,Europe,Other,Online Platforms,Yes,"exploring SBOM, but not implemented",FOSS is not currently included in the SBOMs we produce,Yes,Yes,Very low,About the same,No,1,1,2,5,3,1,5,1,4,1,2,4,Yes,< 10 members,No,Yes,No,Yes,Owned by a for-profit corporation,Yes,Have a publicly documented vulnerability handling policy,1,5,2,5,1,5,1,1,3,5,1
Europe,Yes,Greater,Africa,Other,Software Vendor;Hardware Vendor;Cloud Services;Online Platforms;Other,No,"exploring SBOM, but not implemented","some FOSS, such as larger components and top-level dependencies, is currently included in the SBOMs we produce",Yes,No,idk,About the same,Yes,5 trillion:money::money:,1,1,1,1,1,1,1,1,1,1,1,Yes,< 10 members,Yes,No,,No,,No,,1,1,1,1,1,1,1,1,2,1,1
North America,No,,,,,,,,,,,,,,,,,,,,,,,,,No,,,No,,No,,No,Have a publicly documented vulnerability handling policy,1,1,1,1,1,1,1,1,1,1,1
,,,,,,,,,,,,,,,,,,,,,,,,,,,,,,,,,,,,,,,,,,,,,
North America,No,,,,,,,,,,,,,,,,,,,,,,,,,No,,,No,,No,,No,,2,1,3,4,2,5,4,3,4,3,4
Asia-Pacific,Yes,Greater,Asia-Pacific,Technology,Software Vendor,No,not exploring SBOM,FOSS is not currently included in the SBOMs we produce,No,No,,About the same,No,,,,,,,,,,,,,,,,,,,,,,,,,,,,,,,,
Asia-Pacific,Yes,Greater,Asia-Pacific,Manufacturing,Hardware Vendor,Yes,completed rollout of SBOM in all products,FOSS is not currently included in the SBOMs we produce,Yes,Yes,,Low,Yes,,3,3,3,3,3,3,3,3,3,3,3,No,,,Yes,Yes,Yes,Owned by a for-profit corporation,Yes,Have a publicly documented vulnerability handling policy,3,3,3,3,3,3,3,3,3,3,3
North America,No,,,,,,,,,,,,,,,,,,,,,,,,,No,,,No,,No,,No,Have a publicly documented vulnerability handling policy,5,5,5,5,5,5,5,5,5,5,5
North America,No,,,,,,,,,,,,,,,,,,,,,,,,,No,,,No,,No,,No,,1,1,1,1,1,1,1,1,1,1,1
Asia-Pacific,Yes,Greater,Europe,Manufacturing,Other,Yes,not exploring SBOM,FOSS is not currently included in the SBOMs we produce,No,No,,Very Low,Yes,,5,5,5,5,5,5,,5,5,5,5,Yes,< 10 members,No,Yes,No,Yes,Owned by a for-profit corporation,No,Have a publicly documented vulnerability handling policy;Have a long-term-support release policy;A partnership with commercial providers for LTS versions,5,5,5,5,5,5,5,5,5,5,5
Asia-Pacific,No,,,,,,,,,,,,,,,,,,,,,,,,,No,,,No,,No,,No,Participation in CVE number assignment,1,,,,,,,,,,
Europe,,,,,,,,,,,,,,,,,,,,,,,,,,Yes,< 1000 members,No,Yes,No,Yes,Not affiliated with or owned by any legal entity,No,,,,,,,,,,,,
,,,,,,,,,,,,,,,,,,,,,,,,,,Yes,< 10 members,Yes,Yes,Yes,Yes,Owned by a for-profit corporation,Yes,Have a publicly documented vulnerability handling policy,4,4,4,4,4,4,4,4,4,4,4
Europe,No,,,,,,,,,,,,,,,,,,,,,,,,,,,,No,,No,,No,Have a long-term-support release policy,3,3,4,2,3,2,3,4,2,3,2
Europe,No,,,,,,,,,,,,,,,,,,,,,,,,,No,,,Yes,Yes,Yes,Not affiliated with or owned by any legal entity,No,,,,,,,,,,,,
Asia-Pacific,No,,,,,,,,,,,,,,,,,,,,,,,,,Yes,< 10 members,No,Yes,No,Yes,Not affiliated with or owned by any legal entity,No,,5,4,3,3,3,4,2,4,5,2,2
Asia-Pacific,,,,,,,,,,,,,,,,,,,,,,,,,,,,,,,Yes,"Owned by a legal entity such as a U.S. 501c3 or 501c6, a Belgian AISBL, or another form of non-profit",,,5,5,5,5,5,5,4,5,5,5,5
Europe,Yes,< 10,Europe,Technology,Software Vendor;Cloud Services;Online Platforms,Yes,rolling out SBOM in some products,"FOSS dependencies are tracked to a significant depth and level of detail, and included in the SBOMs we produce",No,No,,High,Yes,,5,5,3,5,5,5,2,2,2,5,5,Yes,< 10 members,Yes,Yes,Yes,No,,Yes,Have a publicly documented vulnerability handling policy,1,1,2,2,1,1,1,1,1,2,1
Europe,Yes,< 1000,Europe,,Software Vendor,Yes,rolling out SBOM in some products,"FOSS dependencies are tracked to a significant depth and level of detail, and included in the SBOMs we produce",Yes,Yes,,High,Yes,,3,3,3,3,3,3,3,3,3,3,3,No,,,Yes,Yes,No,,No,Have a long-term-support release policy,3,3,3,3,3,3,3,3,3,3,3
Europe,Yes,< 100,Europe,Technology,Software Vendor;Cloud Services;Other,Yes,completed rollout of SBOM in some products,"FOSS dependencies are tracked to a significant depth and level of detail, and included in the SBOMs we produce",Yes,Yes,,About the same,Yes,,4,4,4,5,4,4,4,5,5,5,5,Yes,< 100 members,Yes,Yes,Yes,Yes,"Owned by a legal entity such as a U.S. 501c3 or 501c6, a Belgian AISBL, or another form of non-profit",Yes,Have a publicly documented vulnerability handling policy;Participation in CVE number assignment,5,4,2,2,4,3,3,5,2,5,4
North America,No,,,,,,,,,,,,,,,,,,,,,,,,,Yes,< 10 members,No,Yes,No,Yes,Not affiliated with or owned by any legal entity,Yes,Have a publicly documented vulnerability handling policy,1,1,1,2,2,3,4,3,3,3,3
Asia-Pacific,No,,,,,,,,,,,,,,,,,,,,,,,,,No,,,No,,No,,No,,,,,,,,,,,,
Asia-Pacific,No,,,,,,,,,,,,,,,,,,,,,,,,,No,,,No,,No,,No,,5,5,5,5,5,5,5,5,5,5,5
Asia-Pacific,No,,,,,,,,,,,,,,,,,,,,,,,,,No,,,No,,No,,No,Have a publicly documented vulnerability handling policy,3,4,3,4,4,4,4,3,4,3,4
Asia-Pacific,Yes,< 1000,Asia-Pacific,Finance,Software Vendor;Hardware Vendor;Cloud Services;Online Platforms,Yes,completed rollout of SBOM in all products,"FOSS dependencies are tracked to a significant depth and level of detail, and included in the SBOMs we produce",Yes,Yes,,Very High,Yes,,5,5,5,5,5,5,5,5,5,5,5,Yes,< 1000 members,Yes,Yes,Yes,Yes,Not affiliated with or owned by any legal entity,Yes,Have a publicly documented vulnerability handling policy;Have a long-term-support release policy;A partnership with commercial providers for LTS versions;Participation in CVE number assignment,5,5,5,5,5,5,5,5,5,5,5
Europe,Yes,< 10,Europe,Communications,Online Platforms,Yes,rolling out SBOM in all products,"FOSS dependencies are tracked to a significant depth and level of detail, and included in the SBOMs we produce",No,Yes,Es bueno ,About the same,Yes,100,1,1,1,,1,1,1,1,1,1,1,Yes,< 10 members,Yes,Yes,Yes,Yes,Not affiliated with or owned by any legal entity,Yes,A partnership with commercial providers for LTS versions,2,1,1,1,1,1,1,1,1,1,
North America,No,,,,,,,,,,,,,,,,,,,,,,,,,No,,,No,,No,,No,,,,,,,,,,,,
Europe,No,,,,,,,,,,,,,,,,,,,,,,,,,No,,,Yes,No,Yes,Not affiliated with or owned by any legal entity,No,,1,1,1,4,5,4,1,2,4,1,5
Asia-Pacific,No,,,,,,,,,,,,,,,,,,,,,,,,,No,,,No,,Yes,Not affiliated with or owned by any legal entity,No,,,,,,,,,,,,
Asia-Pacific,No,,,,,,,,,,,,,,,,,,,,,,,,,No,,,No,,No,,No,,,,,,,,,,,,
Europe,Yes,< 1000,North America,Technology,Software Vendor;Cloud Services;Online Platforms;Other,No,rolling out SBOM in all products,"FOSS dependencies are tracked to a significant depth and level of detail, and included in the SBOMs we produce",Yes,Yes,,Very Low,No,,1,1,1,1,1,1,1,1,1,1,1,Yes,Greater,Yes,Yes,Yes,Yes,Not affiliated with or owned by any legal entity,Yes,Have a publicly documented vulnerability handling policy;Have a long-term-support release policy;Participation in CVE number assignment,5,5,5,5,5,5,5,5,5,5,5
Europe,No,,,,,,,,,,,,,,,,,,,,,,,,,Yes,< 10 members,No,Yes,No,Yes,"Owned by a legal entity such as a U.S. 501c3 or 501c6, a Belgian AISBL, or another form of non-profit",Yes,Have a publicly documented vulnerability handling policy,1,3,1,1,1,2,3,2,2,4,4
Asia-Pacific,No,,,,,,,,,,,,,,,,,,,,,,,,,No,,,No,,No,,No,Have a publicly documented vulnerability handling policy;Have a long-term-support release policy;A partnership with commercial providers for LTS versions;Participation in CVE number assignment,1,2,3,4,5,4,4,3,2,2,2
,,,,,,,,,,,,,,,,,,,,,,,,,,,,,,,,,,,,,,,,,,,,,
Europe,No,,,,,,,,,,,,,,,,,,,,,,,,,,,,,,,,,,,,,,,,,,,,
Asia-Pacific,No,,,,,,,,,,,,,,,,,,,,,,,,,Yes,Greater,Yes,Yes,Yes,Yes,Not affiliated with or owned by any legal entity,Yes,Have a publicly documented vulnerability handling policy;Have a long-term-support release policy,4,4,4,4,4,4,4,4,4,4,4
South America,No,,,,,,,,,,,,,,,,,,,,,,,,,No,,,No,,No,,No,Have a publicly documented vulnerability handling policy,,2,,,,,,,,,
North America,Yes,Greater,North America,Technology,Software Vendor;Cloud Services;Online Platforms,Yes,not exploring SBOM,"some FOSS, such as larger components and top-level dependencies, is currently included in the SBOMs we produce",Yes,Yes,,High,Yes,,4,4,4,4,4,4,4,4,4,4,4,Yes,< 100 members,Yes,Yes,Yes,Yes,Owned by a for-profit corporation,No,Have a publicly documented vulnerability handling policy,4,4,4,4,4,4,4,4,4,4,4
Europe,Yes,Greater,Europe,Manufacturing,Other,Yes,completed rollout of SBOM in some products,"FOSS dependencies are tracked to a significant depth and level of detail, and included in the SBOMs we produce",Yes,Yes,,About the same,No,,3,3,2,4,5,3,2,4,2,3,2,Yes,< 100 members,Yes,Yes,Yes,Yes,Owned by a for-profit corporation,No,,1,1,1,1,3,2,4,4,4,3,3
Asia-Pacific,No,,,,,,,,,,,,,,,,,,,,,,,,,No,,,Yes,No,Yes,Not affiliated with or owned by any legal entity,No,,,,,,,,,,,,
,,,,,,,,,,,,,,,,,,,,,,,,,,,,,,,,,,,,,,,,,,,,,
Europe,Yes,< 100,Europe,Technology,Software Vendor,Yes,completed rollout of SBOM in some products,"FOSS dependencies are tracked to a significant depth and level of detail, and included in the SBOMs we produce",No,No,,Low,No,,5,5,1,5,5,5,1,1,1,5,3,No,,,No,,No,,No,,,,,,,,,,,,
Europe,,,,,,,,,,,,,,,,,,,,,,,,,,Yes,Greater,Yes,Yes,Yes,Yes,"Owned by a legal entity such as a U.S. 501c3 or 501c6, a Belgian AISBL, or another form of non-profit",Yes,Have a publicly documented vulnerability handling policy;Have a long-term-support release policy;Participation in CVE number assignment,2,2,1,1,3,5,1,1,1,,2
Europe,Yes,Greater,Europe,Manufacturing,,,,,,,,,,,,,,,,,,,,,,,,,,,,,,,,,,,,,,,,,
Europe,Yes,< 100,Europe,Technology,Other,No,not exploring SBOM,FOSS is not currently included in the SBOMs we produce,No,No,,About the same,No,,4,4,3,4,3,3,4,3,4,3,4,Yes,< 1000 members,Yes,Yes,Yes,Yes,"Owned by a legal entity such as a U.S. 501c3 or 501c6, a Belgian AISBL, or another form of non-profit",Yes,Have a publicly documented vulnerability handling policy;Have a long-term-support release policy;A partnership with commercial providers for LTS versions,4,3,3,2,4,3,3,4,2,4,3
Europe,Yes,< 100,Europe,Technology,Software Vendor,Yes,rolling out SBOM in all products,"FOSS dependencies are tracked to a significant depth and level of detail, and included in the SBOMs we produce",Yes,Yes,,High,Yes,,4,4,3,4,4,4,3,4,2,5,5,Yes,< 100 members,Yes,Yes,Yes,Yes,"Owned by a legal entity such as a U.S. 501c3 or 501c6, a Belgian AISBL, or another form of non-profit",Yes,Have a publicly documented vulnerability handling policy;Have a long-term-support release policy;A partnership with commercial providers for LTS versions;Participation in CVE number assignment,3,4,3,3,3,2,2,3,2,2,3
Asia-Pacific,Yes,< 100,Asia-Pacific,Technology,Software Vendor,No,not exploring SBOM,FOSS is not currently included in the SBOMs we produce,Yes,Yes,1,Very Low,Yes,1000,1,1,1,1,1,1,1,1,1,1,1,Yes,< 10 members,Yes,Yes,Yes,Yes,Owned by a for-profit corporation,Yes,Have a publicly documented vulnerability handling policy,1,,,,,,,,,,
Europe,Yes,< 10,Europe,Technology,Other,Yes,"exploring SBOM, but not implemented","FOSS dependencies are tracked to a significant depth and level of detail, and included in the SBOMs we produce",No,,,About the same,No,,1,1,4,4,4,3,1,5,4,5,5,Yes,< 1000 members,No,Yes,No,Yes,"Owned by a legal entity such as a U.S. 501c3 or 501c6, a Belgian AISBL, or another form of non-profit",Yes,Have a publicly documented vulnerability handling policy;Have a long-term-support release policy;Participation in CVE number assignment,3,4,3,2,4,5,3,5,4,4,4
Europe,No,,,,,,,,,,,,,,,,,,,,,,,,,Yes,< 10 members,Yes,Yes,Yes,Yes,Affiliated with a fiscal sponsor,No,,5,1,5,5,3,1,1,5,1,5,3
Europe,Yes,< 1000,North America,Finance,Software Vendor;Cloud Services;Online Platforms,Yes,completed rollout of SBOM in some products,"FOSS dependencies are tracked to a significant depth and level of detail, and included in the SBOMs we produce",Yes,Yes,Have reported issues upstream.,About the same,Yes,Depends on the component complexity.,4,4,3,3,4,4,4,5,4,2,4,No,,,Yes,Yes,Yes,"Owned by a legal entity such as a U.S. 501c3 or 501c6, a Belgian AISBL, or another form of non-profit",No,Have a publicly documented vulnerability handling policy,4,5,3,3,4,3,3,5,4,4,4
Europe,No,,,,,,,,,,,,,,,,,,,,,,,,,Yes,< 100 members,Yes,Yes,Yes,Yes,Not affiliated with or owned by any legal entity,No,,4,5,4,4,3,3,2,5,4,5,5
Europe,Yes,< 100,Europe,Technology,Software Vendor,Yes,rolling out SBOM in some products,"some FOSS, such as larger components and top-level dependencies, is currently included in the SBOMs we produce",No,No,,High,No,,5,,,3,2,2,4,4,2,5,5,Yes,< 10 members,Yes,Yes,Yes,Yes,Owned by a for-profit corporation,Yes,Have a publicly documented vulnerability handling policy;Participation in CVE number assignment,2,,2,2,2,2,2,3,2,2,
North America,,,,,,,,,,,,,,,,,,,,,,,,,,Yes,Greater,,Yes,,Yes,,Yes,Have a publicly documented vulnerability handling policy;Have a long-term-support release policy,,,,,,,,,,,
Europe,Yes,Greater,North America,Other,Other,No,,,,,,,,,,,,,,,,,,,,Yes,< 1000 members,No,Yes,No,Yes,"Owned by a legal entity such as a U.S. 501c3 or 501c6, a Belgian AISBL, or another form of non-profit",No,Have a publicly documented vulnerability handling policy;Have a long-term-support release policy;A partnership with commercial providers for LTS versions;Participation in CVE number assignment,3,3,2,2,3,4,4,3,2,3,3
North America,Yes,< 100,North America,Finance,Software Vendor,Yes,"exploring SBOM, but not implemented","FOSS dependencies are tracked to a significant depth and level of detail, and included in the SBOMs we produce",No,Yes,Banking compliance ,High,Yes,,4,2,4,4,3,4,2,3,5,5,5,Yes,< 100 members,Yes,Yes,Yes,Yes,"Owned by a legal entity such as a U.S. 501c3 or 501c6, a Belgian AISBL, or another form of non-profit",Yes,Have a publicly documented vulnerability handling policy;Participation in CVE number assignment,5,5,5,3,2,1,1,1,1,1,1
South America,No,,,,,,,,,,,,,,,,,,,,,,,,,Yes,Greater,Yes,Yes,,Yes,Not affiliated with or owned by any legal entity,No,A partnership with commercial providers for LTS versions,1,1,1,1,1,1,1,1,1,1,1
Europe,Yes,< 10,Europe,Other,Software Vendor;Hardware Vendor;Cloud Services;Online Platforms;Other,Yes,"exploring SBOM, but not implemented","some FOSS, such as larger components and top-level dependencies, is currently included in the SBOMs we produce",Yes,Yes,"as cheap as possible, preferably free and open-source audit tools and methods.",About the same,No,,5,5,5,5,5,5,5,5,5,5,5,Yes,< 10 members,Yes,Yes,Yes,Yes,"Owned by a legal entity such as a U.S. 501c3 or 501c6, a Belgian AISBL, or another form of non-profit",Yes,Have a publicly documented vulnerability handling policy;Have a long-term-support release policy;Participation in CVE number assignment,3,5,1,1,3,2,3,4,1,4,5
Asia-Pacific,No,,,,,,,,,,,,,,,,,,,,,,,,,No,,,No,,No,,No,A partnership with commercial providers for LTS versions,1,1,1,1,1,1,1,1,1,1,1
Europe,Yes,< 100,Europe,Manufacturing,Hardware Vendor,Yes,not exploring SBOM,FOSS is not currently included in the SBOMs we produce,Yes,No,,,No,,,,,,,,,,,,,Yes,< 10 members,Yes,No,,No,,Yes,,,,,,,,,,,,
Africa,No,,,,,,,,,,,,,,,,,,,,,,,,,No,,,Yes,Yes,Yes,Affiliated with a fiscal sponsor,No,Participation in CVE number assignment,,,,,,,,,,,
Europe,No,,,,,,,,,,,,,,,,,,,,,,,,,No,,,Yes,Yes,Yes,Not affiliated with or owned by any legal entity,No,Have a publicly documented vulnerability handling policy;Have a long-term-support release policy;Participation in CVE number assignment,1,2,1,2,1,4,3,4,1,4,1
Europe,No,,,,,,,,,,,,,,,,,,,,,,,,,No,,,No,,No,,No,,2,4,5,4,5,5,5,4,3,2,2
Europe,Yes,< 100,Europe,Technology,Software Vendor,Yes,completed rollout of SBOM in all products,"FOSS dependencies are tracked to a significant depth and level of detail, and included in the SBOMs we produce",Yes,No,External security reviews include the selection of FOSS components based on reputation and vulnerabilities. No issues were raised. It does not include source code reviews or build security attestations.,Very High,Yes,5000,2,3,3,4,4,3,2,3,5,5,3,No,,,Yes,Yes,Yes,Not affiliated with or owned by any legal entity,Yes,Have a publicly documented vulnerability handling policy,5,5,5,5,5,5,5,5,5,5,5
Asia-Pacific,,,,,,,,,,,,,,,,,,,,,,,,,,Yes,< 10 members,No,No,,No,,No,Have a long-term-support release policy,3,3,3,3,3,3,3,3,3,3,3
Europe,No,,,,,,,,,,,,,,,,,,,,,,,,,Yes,< 10 members,No,Yes,No,Yes,"Owned by a legal entity such as a U.S. 501c3 or 501c6, a Belgian AISBL, or another form of non-profit",No,Have a publicly documented vulnerability handling policy;Have a long-term-support release policy;Participation in CVE number assignment,5,5,5,5,5,5,5,5,5,5,5
Asia-Pacific,No,,,,,,,,,,,,,,,,,,,,,,,,,No,,,No,,No,,No,,,,,,,,,,,,
North America,No,,,,,,,,,,,,,,,,,,,,,,,,,Yes,Greater,No,Yes,No,Yes,Owned by a for-profit corporation,Yes,Have a publicly documented vulnerability handling policy,1,2,3,4,5,4,3,2,1,2,3
North America,No,,,,,,,,,,,,,,,,,,,,,,,,,No,,,No,,No,,No,Have a publicly documented vulnerability handling policy;A partnership with commercial providers for LTS versions,5,4,5,4,4,4,5,5,5,4,5
Asia-Pacific,No,,,,,,,,,,,,,,,,,,,,,,,,,No,,,No,,No,,No,Have a long-term-support release policy,3,3,3,3,3,3,3,3,3,3,3
Europe,Yes,< 1000,Europe,Manufacturing,Software Vendor;Hardware Vendor,Yes,rolling out SBOM in some products,"FOSS dependencies are tracked to a significant depth and level of detail, and included in the SBOMs we produce",No,No,"SBOMs are great for self montioring, but a problematic to hand over to a customer - as any vulnerabölity detected will be known by the customers and could generate an enourmous flood of commmunication. Although VEX can be created there is no common service to distribute them ",Very High,Yes,up to 10k,5,5,4,5,5,4,4,5,4,5,4,No,,,Yes,No,Yes,"Owned by a legal entity such as a U.S. 501c3 or 501c6, a Belgian AISBL, or another form of non-profit",No,Have a long-term-support release policy,,,,,,,,,,,
Europe,No,,,,,,,,,,,,,,,,,,,,,,,,,Yes,< 10 members,Yes,Yes,Yes,Yes,"Owned by a legal entity such as a U.S. 501c3 or 501c6, a Belgian AISBL, or another form of non-profit",Yes,Have a publicly documented vulnerability handling policy;Have a long-term-support release policy;Participation in CVE number assignment,2,5,5,5,5,1,1,2,1,1,5
Europe,,,,,,,,,,,,,,,,,,,,,,,,,,Yes,< 10 members,No,Yes,No,No,,No,Have a publicly documented vulnerability handling policy,3,3,3,3,3,3,3,3,3,3,3
Asia-Pacific,No,,,,,,,,,,,,,,,,,,,,,,,,,No,,,Yes,No,No,,No,,,,,,,,,,,,
Asia-Pacific,Yes,< 100,Asia-Pacific,Communications,Online Platforms,Yes,rolling out SBOM in some products,FOSS is not currently included in the SBOMs we produce,No,No,,About the same,Yes,,4,,3,4,3,5,1,3,4,1,3,Yes,< 1000 members,No,Yes,Yes,Yes,"Owned by a legal entity such as a U.S. 501c3 or 501c6, a Belgian AISBL, or another form of non-profit",Yes,Have a long-term-support release policy,,,3,2,4,4,,,,,
Europe,Yes,Greater,Europe,Technology,Software Vendor;Hardware Vendor;Other,Yes,completed rollout of SBOM in some products,"FOSS dependencies are tracked to a significant depth and level of detail, and included in the SBOMs we produce",Yes,Yes,,High,No,0,2,3,2,5,5,5,3,5,3,1,1,Yes,< 100 members,Yes,Yes,Yes,Yes,Owned by a for-profit corporation,No,,5,5,3,2,2,3,3,3,3,5,4
North America,No,,,,,,,,,,,,,,,,,,,,,,,,,Yes,< 10 members,Yes,Yes,Yes,Yes,Not affiliated with or owned by any legal entity,No,,1,1,1,1,1,1,1,1,1,1,1
Europe,Yes,Greater,Europe,Manufacturing,Other,Yes,,,Yes,,,,,,,,,,,,,,,,,Yes,< 1000 members,Yes,Yes,Yes,Yes,,No,,,,,,,,,,,,
Asia-Pacific,No,,,,,,,,,,,,,,,,,,,,,,,,,Yes,< 10 members,No,Yes,No,Yes,Owned by a for-profit corporation,Yes,Have a publicly documented vulnerability handling policy,1,1,1,1,,1,1,1,1,1,
Europe,Yes,< 10,Europe,Finance,Cloud Services;Online Platforms;Other,Yes,"exploring SBOM, but not implemented","some FOSS, such as larger components and top-level dependencies, is currently included in the SBOMs we produce",,Yes,,About the same,No,50,3,5,1,2,4,4,4,1,5,4,2,Yes,< 100 members,Yes,Yes,Yes,No,,Yes,Have a publicly documented vulnerability handling policy;Have a long-term-support release policy,3,3,3,3,3,3,3,3,3,3,3
Europe,No,,,,,,,,,,,,,,,,,,,,,,,,,No,,,No,,No,,No,,1,,,,,,,,,,
Europe,No,,,,,,,,,,,,,,,,,,,,,,,,,Yes,< 100 members,Yes,No,,No,,No,Have a long-term-support release policy;A partnership with commercial providers for LTS versions;Participation in CVE number assignment,,,,,,5,,5,,,
,,,,,,,,,,,,,,,,,,,,,,,,,,No,,,No,,No,,No,,1,1,1,1,1,1,1,1,1,1,1
Europe,No,,,,,,,,,,,,,,,,,,,,,,,,,No,,,No,,No,,No,Participation in CVE number assignment,1,1,1,1,1,1,1,1,1,1,1
Africa,Yes,Greater,South America,Other,Software Vendor;Hardware Vendor;Cloud Services;Online Platforms;Other,Yes,"exploring SBOM, but not implemented",FOSS is not currently included in the SBOMs we produce,,Yes,,Very Low,Yes,,1,,,,,,,1,1,1,1,Yes,< 10 members,No,Yes,Yes,Yes,Owned by a for-profit corporation,Yes,Have a publicly documented vulnerability handling policy;Have a long-term-support release policy;A partnership with commercial providers for LTS versions;Participation in CVE number assignment,5,5,5,5,5,5,5,,,,
Europe,Yes,Greater,Europe,Finance,Online Platforms,Yes,"exploring SBOM, but not implemented",FOSS is not currently included in the SBOMs we produce,Yes,Yes,,Very Low,No,,3,3,3,3,3,3,3,3,3,3,3,No,,,No,,No,,No,,3,3,3,3,3,3,3,3,3,3,3
,,,,,,,,,,,,,,,,,,,,,,,,,,Yes,< 10 members,,Yes,Yes,Yes,"Owned by a legal entity such as a U.S. 501c3 or 501c6, a Belgian AISBL, or another form of non-profit",No,Have a publicly documented vulnerability handling policy,2,3,3,3,3,2,2,3,2,2,2
Asia-Pacific,,,,,,,,,,,,,,,,,,,,,,,,,,Yes,< 100 members,Yes,Yes,Yes,Yes,"Owned by a legal entity such as a U.S. 501c3 or 501c6, a Belgian AISBL, or another form of non-profit",Yes,Participation in CVE number assignment,1,1,1,1,1,1,1,1,1,1,1
Africa,No,,,,,,,,,,,,,,,,,,,,,,,,,Yes,< 10 members,No,Yes,No,Yes,Not affiliated with or owned by any legal entity,Yes,Have a publicly documented vulnerability handling policy;Have a long-term-support release policy,3,3,3,3,,,,,,,
Asia-Pacific,No,,,,,,,,,,,,,,,,,,,,,,,,,No,,,No,,No,,No,,,,,,,,,,,,
Asia-Pacific,No,,,,,,,,,,,,,,,,,,,,,,,,,No,,,No,,No,,No,Have a long-term-support release policy,3,3,3,3,3,3,3,3,3,3,3
Asia-Pacific,No,,,,,,,,,,,,,,,,,,,,,,,,,Yes,< 10 members,Yes,Yes,Yes,No,,No,,,,,,,,,,,,
,,,,,,,,,,,,,,,,,,,,,,,,,,,,,,,,,,,,,,,,,,,,,
Africa,No,,,,,,,,,,,,,,,,,,,,,,,,,No,,,No,,No,,No,Participation in CVE number assignment,3,3,3,3,3,3,3,3,3,3,
Europe,No,,,,,,,,,,,,,,,,,,,,,,,,,No,,,Yes,No,No,,No,Have a long-term-support release policy,5,5,5,5,5,5,5,5,5,5,5
Europe,Yes,< 1000,Europe,Retail,Other,No,"exploring SBOM, but not implemented","FOSS dependencies are tracked to a significant depth and level of detail, and included in the SBOMs we produce",Yes,No,,High,No,,3,2,3,4,2,4,3,2,3,4,2,Yes,< 10 members,Yes,Yes,Yes,Yes,"Owned by a legal entity such as a U.S. 501c3 or 501c6, a Belgian AISBL, or another form of non-profit",Yes,Have a publicly documented vulnerability handling policy;Have a long-term-support release policy;Participation in CVE number assignment,1,3,1,1,3,3,1,2,3,3,5
Asia-Pacific,Yes,< 10,Asia-Pacific,Technology,Software Vendor,Yes,not exploring SBOM,FOSS is not currently included in the SBOMs we produce,Yes,Yes,,High,Yes,,,,,,,,,,,,,Yes,< 10 members,Yes,Yes,Yes,Yes,"Owned by a legal entity such as a U.S. 501c3 or 501c6, a Belgian AISBL, or another form of non-profit",Yes,Have a publicly documented vulnerability handling policy,,,,,,,,,,,
Europe,No,,,,,,,,,,,,,,,,,,,,,,,,,Yes,< 10 members,No,Yes,No,No,,No,,,,,,,,,,,,
North America,Yes,< 10,North America,Communications,Cloud Services;Online Platforms,No,"exploring SBOM, but not implemented","FOSS dependencies are tracked to a significant depth and level of detail, and included in the SBOMs we produce",Yes,Yes,,High,Yes,,,,,,,,,,,,,Yes,< 10 members,,,,,,,,,,,,,,,,,,
Europe,Yes,Greater,,Technology,Software Vendor;Hardware Vendor,Yes,rolling out SBOM in some products,"FOSS dependencies are tracked to a significant depth and level of detail, and included in the SBOMs we produce",Yes,Yes,"The usual paperwork, just harder with no real impact on product safety/quality",Very High,No,,3,1,1,5,,3,1,3,1,1,1,Yes,< 1000 members,Yes,Yes,No,Yes,Not affiliated with or owned by any legal entity,Yes,,1,5,2,2,4,5,5,5,3,5,5
Europe,Yes,Greater,Asia-Pacific,Technology,Software Vendor;Hardware Vendor;Cloud Services;Online Platforms;Other,Yes,"exploring SBOM, but not implemented","some FOSS, such as larger components and top-level dependencies, is currently included in the SBOMs we produce",Yes,Yes,,High,Yes,Depends on the project scale and importance to product(s) placed on the European market,5,4,4,5,5,,3,5,4,4,4,Yes,Greater,Yes,Yes,Yes,Yes,"Owned by a legal entity such as a U.S. 501c3 or 501c6, a Belgian AISBL, or another form of non-profit",No,Have a publicly documented vulnerability handling policy;Have a long-term-support release policy;A partnership with commercial providers for LTS versions;Participation in CVE number assignment,4,3,4,3,3,2,3,3,3,3,4
Europe,No,,,,,,,,,,,,,,,,,,,,,,,,,Yes,< 10 members,No,Yes,No,Yes,Owned by a for-profit corporation,Yes,,,,,,,,,,,,
Asia-Pacific,No,,,,,,,,,,,,,,,,,,,,,,,,,No,,,No,,No,,No,,3,3,3,4,4,3,3,3,3,3,3
,,,,,,,,,,,,,,,,,,,,,,,,,,,,,,,,,,,,,,,,,,,,,
Asia-Pacific,,,,,,,,,,,,,,,,,,,,,,,,,,No,,,No,,No,,No,Participation in CVE number assignment,5,5,5,5,,,,,,,
North America,No,,,,,,,,,,,,,,,,,,,,,,,,,No,,,No,,No,,No,,1,1,1,1,1,1,1,1,1,1,1
South America,No,,,,,,,,,,,,,,,,,,,,,,,,,Yes,< 10 members,No,No,,No,,No,Have a publicly documented vulnerability handling policy,2,4,4,4,3,4,3,2,4,2,4
Europe,Yes,< 10,Europe,Technology,Software Vendor,Yes,rolling out SBOM in all products,"FOSS dependencies are tracked to a significant depth and level of detail, and included in the SBOMs we produce",No,No,,High,Yes,,5,4,4,5,4,5,4,3,3,4,5,Yes,< 1000 members,Yes,Yes,Yes,Yes,"Owned by a legal entity such as a U.S. 501c3 or 501c6, a Belgian AISBL, or another form of non-profit",Yes,Have a publicly documented vulnerability handling policy;Have a long-term-support release policy;A partnership with commercial providers for LTS versions;Participation in CVE number assignment,2,2,2,2,2,2,3,2,2,2,2
Europe,Yes,< 1000,Europe,Technology,Software Vendor;Cloud Services,Yes,"exploring SBOM, but not implemented","FOSS dependencies are tracked to a significant depth and level of detail, and included in the SBOMs we produce",No,No,,Low,Yes,5000,3,3,3,4,4,2,3,4,2,4,2,Yes,< 10 members,Yes,Yes,Yes,Yes,Owned by a for-profit corporation,No,Have a publicly documented vulnerability handling policy;Have a long-term-support release policy,3,2,2,2,4,2,2,3,4,3,4
North America,Yes,< 100,North America,Technology,Other,No,rolling out SBOM in all products,"FOSS dependencies are tracked to a significant depth and level of detail, and included in the SBOMs we produce",Yes,Yes,,Low,No,,5,5,3,5,5,5,2,3,4,2,4,Yes,< 100 members,No,Yes,No,Yes,"Owned by a legal entity such as a U.S. 501c3 or 501c6, a Belgian AISBL, or another form of non-profit",Yes,Have a publicly documented vulnerability handling policy;Have a long-term-support release policy;Participation in CVE number assignment,1,5,2,1,1,2,1,2,1,1,
Europe,Yes,< 10,Europe,Technology,Software Vendor;Cloud Services;Other,Yes,rolling out SBOM in some products,"FOSS dependencies are tracked to a significant depth and level of detail, and included in the SBOMs we produce",No,,,About the same,,,1,1,1,1,1,1,1,1,1,1,1,No,,,Yes,Yes,Yes,"Owned by a legal entity such as a U.S. 501c3 or 501c6, a Belgian AISBL, or another form of non-profit",No,,1,1,3,3,2,3,4,3,3,1,1